,lith_id,z,z_error,data_type,respected,exhumation
0,16,1050,400,a,0,1994.433180778029
1,17,1050,400,a,0,1197.852677345536
2,18,1110,600,a,0,2355.2880549199053
3,19,1110,600,a,0,2256.1429290617834
4,20,1710,800,c,0,6057.852677345536
5,21,2000,800,c,0,6748.707551487412
6,22,2310,700,g,0,6756.99780320366
7,23,1970,700,d,0,6414.433180778029
8,24,1420,600,a,0,5166.142929061783
9,25,2000,700,a,0,3148.7075514874123
10,26,1760,900,e,0,3056.9978032036597
11,27,660,400,f,0,2104.433180778029
