lith_id,z,z_error,data_type,respected,exhumation
16,1050,400,a,0,2158.802225705329
17,1050,400,a,0,1755.4544649143954
18,1110,600,a,0,1710.4328237279951
19,1110,600,a,0,1912.106704123462
20,1710,800,c,0,8615.454464914395
21,2000,800,c,0,9407.128345309862
22,2310,700,g,0,7420.476106100796
23,1970,700,d,0,2372.106704123462
24,1420,600,a,0,2222.106704123462
25,2000,700,a,0,4407.128345309862
26,1760,900,e,0,1810.4328237279951
27,660,400,f,0,962.1067041234619
