,lith_id,z,z_error,data_type,respected,exhumation
0,16,1050,400,a,0,2697.852677345536
1,17,1050,400,a,0,1795.2880549199053
2,18,1110,600,a,0,1956.9978032036597
3,19,1110,600,a,0,1658.7075514874123
4,20,1710,800,c,0,7656.99780320366
5,21,2000,800,c,0,8945.288054919905
6,22,2310,700,g,0,7659.562425629289
7,23,1970,700,d,0,6316.99780320366
8,24,1420,600,a,0,4365.288054919905
9,25,2000,700,a,0,3148.7075514874123
10,26,1760,900,e,0,3056.9978032036597
11,27,660,400,f,0,2007.852677345536
